event_url,event_date,event_tier
calling-seattle-battle-hardened-silver-age-9-am-1214,2025-12-14,2
battle-hardened-hong-kong-2025,2025-12-21,2
sunday-900-battle-hardened,2026-01-11,2
battle-hardened-columbus,2026-01-18,2
calling-london,2026-02-06,3
sunday-showdown-london,2026-02-08,2
sunday-9am-showdown,2026-02-15,2
showdown-toulouse,2026-03-08,2
sunday-showdown,2026-03-15,2
sunday-showdown-memphis,2026-03-22,2
sunday-showdown-yokohama,2026-04-12,2
showdown-rotterdam,2026-04-26,2
sunday-showdown-jakarta,2026-05-10,2
sunday-showdown-sao-paulo-2026,2026-05-17,2
showdown-prague,2026-05-24,2
sunday-showdown-auckland-2026,2026-06-07,2
sunday-showdown-minneapolis,2026-06-14,2
sunday-showdown-shinjuku,2026-07-12,2
sunday-showdown-las-vegas,2026-07-19,2
showdown-edinburgh,2026-07-26,2
sunday-showdown-silver-age,2026-08-09,2
showdown-hamburg,2026-08-23,2
sunday-showdown-kansas-city,2026-08-30,2
showdown-bilbao,2026-09-27,2
sunday-showdown-atlanta,2026-10-04,2