"player","hero_name","round_standing","event_name","player_event_id"
"Andrew Wilborn","Hala","[0, 76, 50, 35, 24, 14, 8, 8]","sunday-showdown-atlanta","9f06d7f8-2864-3954-a7eb-e7ab7a41d16e"
"tyler whicker","Iyslander","[0, 64, -1, -1, -1, -1, -1, -1, -1]","sunday-showdown-atlanta","3187e44c-d005-3f65-9893-5374d407264e"
"Josh Chrvala","Hala","[0, 65, 85, 71, 56, 52, -1, -1, -1]","sunday-showdown-atlanta","0c3fd009-5569-334c-bd9a-35e72af47886"
"Abdul Mousa","Ira, Crimson Haze","[0, 13, 19, 19, 15, 9, 5, 6]","sunday-showdown-atlanta","1b6778ab-4098-3ccf-8873-c1431eefd505"
"Mark Morrison","Bravo, Flattering Showman","[0, 34, 14, 6, 2, 1, 3, 3]","sunday-showdown-atlanta","1345a9ad-baa4-394c-bc74-82fa4e395d53"
"Alain Arduain","Fai","[0, 17, 7, 3, 8, 18, 28, 28, -1]","sunday-showdown-atlanta","cfd3a1b9-1ede-3faa-bfca-ea64764458c5"
"Mac Caldwell","Aurora","[0, -1, -1, -1, -1, -1, -1, -1]","sunday-showdown-atlanta","68b6e025-68d0-377d-9da9-4be0d5080a45"
"Brett Williamson","Iyslander","[0, 32, 8, 1, 9, 19, 18, 16, -1]","sunday-showdown-atlanta","b830cb3d-20c2-3bbb-a3bf-e4ecfd85e3db"
"Phillip Pelley","Florian","[0, 14, 32, 47, 44, 33, 36, 31, -1]","sunday-showdown-atlanta","0f114eb3-1868-3bbd-87f4-1fcf0726d95f"
"Chris Simpson","Arakni, Solitary Confinement","[0, 51, -1, -1, -1, -1, -1, -1, -1]","sunday-showdown-atlanta","a147af0f-8924-3a36-b9f0-f4708558f5b0"
"Justin Anthony","Ira, Crimson Haze","[0, 48, 42, 32, 22, 13, 14, 13, -1]","sunday-showdown-atlanta","83770752-7f8b-334a-a40c-44de4f9d493a"
"Adam Fronsee","Ira, Crimson Haze","[0, 11, 6, 2, 6, 16, 16, 20, -1]","sunday-showdown-atlanta","f80493b1-eb3f-3223-b4bf-0c39128b102c"
"Kobee Davis","Terra","[0, 55, 72, 81, 80, -1, -1, -1, -1]","sunday-showdown-atlanta","a1e2d417-c30f-34fe-826d-9c907fbb51fb"
"Devin Chen","Fai","[0, -1, -1, -1, -1, -1, -1, -1]","sunday-showdown-atlanta","05968be1-ffa4-3047-b148-4692bf44e1cd"
"Christopher Bache","Ira, Crimson Haze","[0, 16, 24, 43, 43, 47, -1, -1, -1]","sunday-showdown-atlanta","18ea4424-f776-305f-9660-c3df64ac1245"
"Zachary Wallach","Vynnset","[0, 35, 11, 16, 13, 8, 4, 4]","sunday-showdown-atlanta","cad2fbf2-f7a0-3a07-b440-6d1c24598dc2"
"Michael Holder","Florian","[0, 25, 35, 27, 31, -1, -1, -1, -1]","sunday-showdown-atlanta","310bcb22-df07-30d5-990a-b8c9b6a37bbb"
"Adam Hine","Levia","[0, 66, 76, 72, 70, 64, 56, -1, -1]","sunday-showdown-atlanta","73d6ba31-50d8-35fe-8896-cd87967fcc4a"
"Kendric Bohannon","Betsy","[0, 45, 70, -1, -1, -1, -1, -1, -1]","sunday-showdown-atlanta","27d0cf5a-3e2e-3174-aaa2-7c90f1402d7d"
"Jonathan Meriwether","Levia","[0, -1, -1, -1, -1, -1, -1, -1]","sunday-showdown-atlanta","ced3d6dc-a603-382c-a577-6f4333ff842b"
"Joely English","Azalea","[0, 30, 30, 46, -1, -1, -1, -1, -1]","sunday-showdown-atlanta","66b83647-46f8-3ad3-8413-2d4d1704d85d"
"Andrew Hilleary","Olympia","[0, 21, 12, 7, 3, 2, 1, 1]","sunday-showdown-atlanta","65bdbde9-631f-32aa-a18d-b8f175dd3a05"
"Sebastiano Cavallo","Kano","[0, 47, 45, 34, 23, 25, 22, 18, -1]","sunday-showdown-atlanta","3e0d99dc-49db-355d-9f67-531fc52ae277"
"Zach Johnson","Dromai","[0, 72, 83, 73, 57, 53, -1, -1, -1]","sunday-showdown-atlanta","8c0fdbf8-e9b0-3cec-a7b7-869fb27f9bfa"
"Anthony Hook","Bravo, Flattering Showman","[0, -1, -1, -1, -1, -1, -1, -1]","sunday-showdown-atlanta","38a7bc24-ce65-345b-8297-6f56cde7a548"
"Kody Samaroo","Olympia","[0, -1, -1, -1, -1, -1, -1, -1]","sunday-showdown-atlanta","d4a012cf-0cd1-39cc-a32e-2abff1023cbb"
"Robert VanDyke IV","Kayo","[0, 70, -1, -1, -1, -1, -1, -1, -1]","sunday-showdown-atlanta","214739fb-d01c-3668-8f19-185678201d56"
"Nicolas Setser","Kano","[0, 69, 80, 83, 81, 70, 59, 52, -1]","sunday-showdown-atlanta","bb58fd13-9d87-32ee-bc7c-ca2e289168d2"
"Ty Murray","Lexi","[0, 27, 9, 4, 1, 4, 9, 9, -1]","sunday-showdown-atlanta","720f603e-f234-3d1f-86af-fcf301a5d9d8"
"Justin Michael","Bravo, Flattering Showman","[0, 1, 23, 24, 18, 11, 6, 5]","sunday-showdown-atlanta","e6f3d107-5fe4-36ba-add2-e524e89bb278"
"Daniel Casullo","Fai","[0, 19, 25, 23, 30, -1, -1, -1, -1]","sunday-showdown-atlanta","411d5896-6c6f-3bb8-bbf2-89384b8b476f"
"Daniel Hanson","Victor Goldmane","[0, 18, 5, 13, 27, 39, 39, 38, -1]","sunday-showdown-atlanta","92007cb3-238b-34d0-b38d-72bf45df7b52"
"Logan Stancil","Levia","[0, 31, 33, 26, 21, 24, 21, 17, -1]","sunday-showdown-atlanta","41a36d26-34b6-397e-bfa4-622de0bded8b"
"Justin Delk","Kayo","[0, -1, -1, -1, -1, -1, -1, -1]","sunday-showdown-atlanta","1d17a629-10e9-315a-a1b5-c5d628ab21b6"
"Dexter Phan","Ira, Crimson Haze","[0, 28, 31, 25, 20, 12, 7, 7]","sunday-showdown-atlanta","9d1df4ae-6aa5-337d-bc02-1540083c2201"
"Brodie Spurlock","Levia","[0, 37, 15, 18, 14, 21, 30, -1, -1]","sunday-showdown-atlanta","a212dbbb-cbd5-3b5e-8b92-6b0d9122b763"
"Angelo Jeon","Fai","[0, 56, 79, -1, -1, -1, -1, -1, -1]","sunday-showdown-atlanta","29140d94-53e1-3ac3-a0a4-bbcd9756d4e8"
"Griffin Meyers","Iyslander","[0, 50, -1, -1, -1, -1, -1, -1, -1]","sunday-showdown-atlanta","73f652cd-baf6-306a-8418-46d67fb9c4ce"
"Jacob Kelly","Iyslander","[0, 61, 77, 67, 53, 38, 38, 37, -1]","sunday-showdown-atlanta","bbb1a3c4-1246-39d1-9425-f30e1aadda80"
"Sean Murray","Kayo","[0, 58, 82, 70, 54, 37, 37, 32, -1]","sunday-showdown-atlanta","40005fe1-ce9c-3ce9-a731-8abd504f263b"
"Sjohn Chambers","Fai","[0, -1, -1, -1, -1, -1, -1, -1]","sunday-showdown-atlanta","ca00996f-907a-30ae-b07b-f3bc5b9a2ea2"
"Phillip Spader","Terra","[0, 78, 81, 69, 55, -1, -1, -1, -1]","sunday-showdown-atlanta","069e49af-4f20-3580-8158-de8d310f2999"
"Casey Klein","Arakni, Solitary Confinement","[0, 12, 37, 51, 46, 34, 25, 25, -1]","sunday-showdown-atlanta","a7d8ba97-b319-3645-ab08-335334f2dde1"
"Colin Ross","Fai","[0, 74, 78, -1, -1, -1, -1, -1, -1]","sunday-showdown-atlanta","21f938ba-2f41-3185-acbe-04270f0c090e"
"Jonathan Michaud","Hala","[0, 2, 3, 11, 12, 7, 12, 11, -1]","sunday-showdown-atlanta","c7581ffb-a8a7-3bcd-a919-eaf11b5d6973"
"Elias Ananda","Fai","[0, 22, 38, 50, -1, -1, -1, -1, -1]","sunday-showdown-atlanta","a53cee7c-8b86-3efe-aa67-27e4cb4afffb"
"Ricky Linn","Ira, Crimson Haze","[0, 77, 71, 66, 68, 56, 50, 47, -1]","sunday-showdown-atlanta","2d0b45a0-ae30-3931-baef-f614addd47bc"
"Alan Cox","Dorinthea, Quicksilver Prodigy","[0, -1, -1, -1, -1, -1, -1, -1]","sunday-showdown-atlanta","958bca8a-ea83-3442-b25d-ecfce3a3d192"
"John Holland","Azalea","[0, 20, 28, 44, 58, -1, -1, -1, -1]","sunday-showdown-atlanta","6f48eb4c-9605-34b6-bafc-64125aff6e65"
"Jonah Overholt","Iyslander","[0, 15, 13, 15, 16, 10, 13, 19, -1]","sunday-showdown-atlanta","25921dd8-862e-32b0-be34-1f720dfd9bfc"
"Addison Woodward-Parrish","Bravo, Flattering Showman","[0, 54, 73, 80, 79, 69, -1, -1, -1]","sunday-showdown-atlanta","099f9006-8f15-3339-9807-677b61020733"
"Summer Martini","Bravo, Flattering Showman","[0, 79, 48, 54, 48, 48, 41, 40, -1]","sunday-showdown-atlanta","0e976f2e-4153-3b66-a56b-85b5071dc2ce"
"Jacob Clements","Levia","[0, 26, 16, 9, 5, 3, 2, 2]","sunday-showdown-atlanta","ed2d10c1-f0c6-30bd-a06f-a408da4d4e0d"
"Michael King","Dromai","[0, 53, 41, 30, 36, 44, 47, -1, -1]","sunday-showdown-atlanta","0876ba34-c13b-3cca-9cfa-f52767dee7a5"
"Aaron Eastlake","Levia","[0, 46, 40, 28, 32, 28, 33, 35, -1]","sunday-showdown-atlanta","a942b57c-4f4f-312b-8d7c-b215f13f5275"
"Walter Snowden","Levia","[0, 75, -1, -1, -1, -1, -1, -1, -1]","sunday-showdown-atlanta","13aaccbd-0fbd-37f6-9ccb-28db2d34e55a"
"Jacob Bader","Azalea","[0, -1, -1, -1, -1, -1, -1, -1]","sunday-showdown-atlanta","b5ae8fc8-0f84-33a5-8e09-7d3ed8b843b8"
"Joshua Jones","Rhinar","[0, 67, -1, -1, -1, -1, -1, -1, -1]","sunday-showdown-atlanta","991468a7-5e6f-3ba2-b164-ddd0a92b8d2c"
"Alex Mihilli","Ira, Crimson Haze","[0, 8, 10, 5, 7, 17, 17, 15, -1]","sunday-showdown-atlanta","7957b1b6-2cd5-3e8d-a258-5ef5ad751a80"
"Lucas Aquino","Levia","[0, 36, 36, 49, 59, 61, -1, -1, -1]","sunday-showdown-atlanta","68b896bb-006d-37f1-908c-11d488a831f8"
"Cody Bavin","Fai","[0, 29, 39, -1, -1, -1, -1, -1, -1]","sunday-showdown-atlanta","1de92384-b283-3026-8d82-c29e23d63c10"
"Colton Nelson","Dorinthea","[0, 24, 34, 45, 45, 32, 35, 36, -1]","sunday-showdown-atlanta","5e74603a-3e25-3a28-a245-b5f81bad30f9"
"Raheel Khalid","Kano","[0, 38, 17, 8, 4, 5, 10, 10, -1]","sunday-showdown-atlanta","1c626b27-6f52-3548-9bd2-3c11ca0afab3"
"eric brandon","Kassai, Cintari Sellsword","[0, 60, 97, 91, -1, -1, -1, -1, -1]","sunday-showdown-atlanta","0f37d7f0-3495-38f3-97c8-03f99bd46720"
"Chris Kowalczyk","Ira, Crimson Haze","[0, 62, 74, 68, 67, 57, 44, 42, -1]","sunday-showdown-atlanta","e24e079b-1089-3797-a94c-84072ad8f54d"
"Daniel Devine","Kayo","[0, 57, 75, 79, -1, -1, -1, -1, -1]","sunday-showdown-atlanta","19303525-e45b-3cad-a49c-4d8b7e584e20"
"Stephen Ford","Bravo, Flattering Showman","[0, 40, 66, 64, 66, 55, 43, 33, -1]","sunday-showdown-atlanta","4b86be7f-3f99-3557-a76d-c9f5ddd47a34"
"Brandon Ross","Verdance","[0, 23, 18, 17, 26, 27, 32, 29, -1]","sunday-showdown-atlanta","38ca8c6e-8e80-3a91-8ea0-ed2e116efbbc"
"Philip Huang","Ira, Crimson Haze","[0, -1, -1, -1, -1, -1, -1, -1]","sunday-showdown-atlanta","7a70e963-c1b4-3869-8e7a-55d8cbc8b2bf"
"James Wray","Iyslander","[0, 73, -1, -1, -1, -1, -1, -1, -1]","sunday-showdown-atlanta","185c0077-2bda-3c86-9eb2-1b35f3fd7fc2"
"Michael Hinson","Bravo, Flattering Showman","[0, 52, 65, 63, 65, -1, -1, -1, -1]","sunday-showdown-atlanta","1b4372ee-55aa-3777-a952-5eea4ba727c8"
"Tyler Goodridge","Riptide","[0, 3, 4, 14, 28, 26, 31, -1, -1]","sunday-showdown-atlanta","257010ef-be70-3d80-91cf-75fb51f46996"
"Brandon Hartman","Florian","[0, 41, 67, 77, 74, 66, -1, -1, -1]","sunday-showdown-atlanta","a41c4129-3857-3c9c-bf2b-ab87d1e04661"
"Gil Beloate","Riptide","[0, -1, -1, -1, -1, -1, -1, -1]","sunday-showdown-atlanta","31324810-8b5c-3609-afa6-107df0af83b6"
"Daniel Lynch","Levia","[0, 68, 84, 82, 82, -1, -1, -1, -1]","sunday-showdown-atlanta","ded33ae3-92a0-3f4f-a570-136f1dc00ce2"
"Peter Buddensiek","Bravo, Flattering Showman","[0, 4, 1, 10, 10, 6, 11, 12, -1]","sunday-showdown-atlanta","3b76d1ba-0084-3f65-bca9-b24bff906e96"
"Stephanie Hine","Hala","[0, 59, 49, 55, 62, 54, 42, 41, -1]","sunday-showdown-atlanta","8328ca72-0dbc-331e-af3c-b21448724aaa"
"Brandon Green","Arakni","[0, -1, -1, -1, -1, -1, -1, -1]","sunday-showdown-atlanta","4e12b070-0f4b-36dc-ac79-a793763ac101"
"Sawyer Stalcup","Ira, Crimson Haze","[0, 10, 29, 48, 60, -1, -1, -1, -1]","sunday-showdown-atlanta","d7406e18-de62-3cab-9773-b1e50aed681a"
"Chuck Ford","Olympia","[0, 71, 47, 53, 61, 62, -1, -1, -1]","sunday-showdown-atlanta","6afab09a-af60-3229-bf3c-24bf5de1d515"
"CODY READY","Olympia","[0, 7, 21, 20, 17, 22, 19, 21, -1]","sunday-showdown-atlanta","816b5e8c-f587-35ea-bda0-2f3dc443aff1"
"Mason Laney","Levia","[0, 42, 69, 65, 69, 58, 51, 44, -1]","sunday-showdown-atlanta","07ea2501-6fb6-3f81-aac8-956be22f8359"
"Max Escaler","Dorinthea","[0, 6, 2, 12, 11, 20, 29, -1, -1]","sunday-showdown-atlanta","9a725e96-d55d-3620-aa3c-75dea77a6c6e"
"Andrew Maggert","Enigma","[0, 5, 22, 21, 29, 40, -1, -1, -1]","sunday-showdown-atlanta","49328f16-3680-3558-94b2-c1af62314def"
"Anthony Laflamme","Levia","[0, 43, 43, 31, 34, 41, -1, -1, -1]","sunday-showdown-atlanta","90fe68f6-e055-391d-9132-a0675f6ce443"
"Alan Willenbring","Olympia","[0, 39, 20, 42, 42, 31, 24, 24, -1]","sunday-showdown-atlanta","2fb16853-d5dd-3d55-9804-385b28d1600c"
"Fredrick Gamble","Bravo, Flattering Showman","[0, -1, -1, -1, -1, -1, -1, -1]","sunday-showdown-atlanta","c90f2fa8-11e6-3956-a966-f0f37c10c6a8"
"Chip Chamberlin","Kassai, Cintari Sellsword","[0, 49, 44, 29, 33, 42, -1, -1, -1]","sunday-showdown-atlanta","42cab6f1-06c1-36c0-b170-119e82fb6166"
"Noah Beygelman","Levia","[0, 9, 27, 22, 19, 23, 20, 22, -1]","sunday-showdown-atlanta","94e63381-e37a-3019-b4cf-4cc62faae0dc"
"Matthew Halstad","Bravo, Flattering Showman","[0, 63, 46, 52, 47, 35, 26, 26, -1]","sunday-showdown-atlanta","28511eb2-0e6b-309c-9087-aa9dcd12f8f6"
"Wyatt E","Malice","[0, 44, 68, 78, 78, 68, 54, 49, -1]","sunday-showdown-atlanta","a7e362db-7539-3c7a-8b68-d5769016037b"
"Jamal Salem Saedidaryan","Bravo, Flattering Showman","[0, 33, 26, -1, -1, -1, -1, -1, -1]","sunday-showdown-atlanta","99c5c5f0-9697-3d8b-9a3f-e18782f1c6b9"
"Haele Edens","Undeclared","[0, -1, -1, -1, -1, -1, -1, -1]","sunday-showdown-atlanta","3f3dc5c9-c793-3207-a1ae-95a2e99b74b9"
"John Minicozzi","Malice","[0, -1, -1, -1, -1, -1, -1, -1]","sunday-showdown-atlanta","29774f76-7c29-383e-a002-7b91fca9b732"
"Jun Pierson","Scurv, Stowaway","[0, 116, -1, -1, -1, -1, -1, -1, -1]","sunday-showdown-atlanta","282b7b17-f9d4-3ec9-8cdc-8f9b14c4ed4b"
"Ezra Rowe","Gravy Bones","[0, -1, -1, -1, -1, -1, -1, -1]","sunday-showdown-atlanta","0df91b1a-6767-3b63-94c1-4c4343fc6243"
"Jean Paul Negron","Kano","[0, 92, 87, 74, 71, 65, 53, 48, -1]","sunday-showdown-atlanta","e10546ad-3481-3595-9ca2-2599e7fe3c14"
"Jonathan Chu","Levia","[0, -1, -1, -1, -1, -1, -1, -1]","sunday-showdown-atlanta","7f57c5b4-7f1e-3fbf-8e8b-ba1e09925656"
"Justin Jones","Ira, Crimson Haze","[0, -1, -1, -1, -1, -1, -1, -1]","sunday-showdown-atlanta","7fffc869-2516-3b86-b484-9c3d52095e79"
"Menion Croll","Fai","[0, 80, 54, 57, 63, 63, 55, -1, -1]","sunday-showdown-atlanta","5b398780-1b57-3e05-bec6-d48530085f34"
"Michael Watson","Azalea","[0, -1, -1, -1, -1, -1, -1, -1]","sunday-showdown-atlanta","25bc4044-2a68-3423-97f8-0abf64953b31"
"Cody Parish","Dromai","[0, -1, -1, -1, -1, -1, -1, -1]","sunday-showdown-atlanta","dd54c20b-ad04-3576-ba7f-e216cb9a0b83"
"James Kavanaugh","Cindra","[0, 119, -1, -1, -1, -1, -1, -1, -1]","sunday-showdown-atlanta","22d7455e-2a5b-3618-8dc8-5bcfbfa69200"
"Braeden Morrison","Kayo, Strong-arm","[0, -1, -1, -1, -1, -1, -1, -1]","sunday-showdown-atlanta","d917ae2b-477a-3c25-a9d2-fcdea125fe72"
"Jesse Harper","Aurora","[0, 87, 57, 36, 37, 29, 23, 23, -1]","sunday-showdown-atlanta","c5a4f3b6-3b2a-3ac0-812e-7ca81d117ba0"
"Garrett Brown","Undeclared","[0, -1, -1, -1, -1, -1, -1, -1]","sunday-showdown-atlanta","a209c7a6-acf9-3469-a26b-cac13364875c"
"Kevin Brayer","Viserai, Between Worlds","[0, -1, -1, -1, -1, -1, -1, -1]","sunday-showdown-atlanta","887fb09f-21d3-3ad1-a869-a602c8907db6"
"Colby Homan","Tuffnut","[0, 113, 51, 33, 35, 43, 46, -1, -1]","sunday-showdown-atlanta","e51156a0-ea9a-3f11-a874-532ddc2861e7"
"Elyse Symmes","Enigma","[0, -1, -1, -1, -1, -1, -1, -1]","sunday-showdown-atlanta","d3e90be7-9285-388d-92cd-4d8b611424a5"
"Trevor Valentine","Iyslander","[0, -1, -1, -1, -1, -1, -1, -1]","sunday-showdown-atlanta","db6072bf-5645-3678-9a7c-d989a555cec1"
"William Snead","Rhinar","[0, 91, 62, 61, 64, -1, -1, -1, -1]","sunday-showdown-atlanta","3134d5ba-4eb5-3a25-86c2-42a84d4cfde7"
"Douglas Chapman","Bravo, Flattering Showman","[0, 104, 93, 89, 75, 67, -1, -1, -1]","sunday-showdown-atlanta","3d9776a8-9fcf-330c-86aa-a23f70d98b1d"
"Anthony Bugoci","Bravo, Flattering Showman","[0, -1, -1, -1, -1, -1, -1, -1]","sunday-showdown-atlanta","f387ab91-3ab3-3a23-aafb-5db28584fafb"
"Austin Sanders","Enigma","[0, -1, -1, -1, -1, -1, -1, -1]","sunday-showdown-atlanta","4b996d45-4147-3e0e-affb-7ba4b7733f9f"
"Cody Campbell","Undeclared","[0, -1, -1, -1, -1, -1, -1, -1]","sunday-showdown-atlanta","4088cb49-6d22-3f50-bdca-29bc599fd7e0"
"Carlo Cuenca","Arakni, Solitary Confinement","[0, -1, -1, -1, -1, -1, -1, -1]","sunday-showdown-atlanta","cf43d6c3-767a-3dd3-9390-cdb4581ae904"
"Kristian Schnell","Kano","[0, -1, -1, -1, -1, -1, -1, -1]","sunday-showdown-atlanta","ec66533f-31ba-35a5-87e3-9780a5bf128d"
"Arianna Arias","Dash","[0, 118, 102, 95, 85, 72, 58, 50, -1]","sunday-showdown-atlanta","0d5055f3-9d00-3d3c-a5fa-3d9cd958d61e"
"Jose Alvarez","Fai","[0, -1, -1, -1, -1, -1, -1, -1]","sunday-showdown-atlanta","6bba3ecb-fc14-3e39-ac50-de7df994502b"
"Dana Valentine","Levia","[0, 110, -1, -1, -1, -1, -1, -1, -1]","sunday-showdown-atlanta","5a7c492b-fe98-3b66-9d36-8c16243ff065"
"Jacob Goldfischer","Pleiades","[0, 112, 101, 94, 84, -1, -1, -1, -1]","sunday-showdown-atlanta","38da2613-9628-337d-99f4-df658df119b3"
"Kevin Fontan","Dash","[0, -1, -1, -1, -1, -1, -1, -1]","sunday-showdown-atlanta","1e54364c-b3c8-30b4-bde3-cfbafd74b5b9"
"David Place","Aurora, Emissary of Lightning","[0, 111, -1, -1, -1, -1, -1, -1, -1]","sunday-showdown-atlanta","29fa2c5a-21fe-356b-b2bc-488b7be4d034"
"Andrew Chambers","Bravo, Flattering Showman","[0, -1, -1, -1, -1, -1, -1, -1]","sunday-showdown-atlanta","206eb634-3f9f-3502-b945-29ff93b51eb1"
"Christian Hopkins","Ira, Crimson Haze","[0, -1, -1, -1, -1, -1, -1, -1]","sunday-showdown-atlanta","91d5f6f2-18d7-3e51-96d5-2cc1f8ee651e"
"Phillip Bradford","Levia","[0, -1, -1, -1, -1, -1, -1, -1]","sunday-showdown-atlanta","586e3b80-c7ed-398a-bd8b-2a3bd3b79ea3"
"Lauren Hall","Olympia","[0, 105, -1, -1, -1, -1, -1, -1, -1]","sunday-showdown-atlanta","b34d09c7-238b-34e4-bd7f-d3fa83b32311"
"Bernard Eng","Levia","[0, -1, -1, -1, -1, -1, -1, -1]","sunday-showdown-atlanta","d80833a2-90cb-38e8-a4fc-b0fb2260c32a"
"Patrick Sumera","Iyslander","[0, 88, 56, 38, 39, 46, -1, -1, -1]","sunday-showdown-atlanta","d2f4d977-bee3-3372-abf9-fcf1bce2b44c"
"Mason Blazer","Lexi","[0, 97, 88, 86, -1, -1, -1, -1, -1]","sunday-showdown-atlanta","fd4e8987-a35c-3d4c-82d2-d0e8b5a45d7e"
"Steven Galarza","Enigma","[0, -1, -1, -1, -1, -1, -1, -1]","sunday-showdown-atlanta","486d0f0e-f213-31a0-8b1d-ce27adb38ea6"
"Terrence Blackwell","Fai","[0, -1, -1, -1, -1, -1, -1, -1]","sunday-showdown-atlanta","162c113c-caa7-3c84-b749-75772d68eebb"
"Billy Uribes","Fai","[0, -1, -1, -1, -1, -1, -1, -1]","sunday-showdown-atlanta","e91f2bee-466a-3bab-979a-432972c481a4"
"Kaleb Hackett","Olympia","[0, -1, -1, -1, -1, -1, -1, -1]","sunday-showdown-atlanta","fcc2de0d-2fc7-32b8-bb50-203f9f5c6ac3"
"Darren Rennie","Levia","[0, -1, -1, -1, -1, -1, -1, -1]","sunday-showdown-atlanta","767b748b-62da-3427-9621-f9630ee5b7e0"
"Nathaniel Lansangan","Undeclared","[0, -1, -1, -1, -1, -1, -1, -1]","sunday-showdown-atlanta","0a01f730-d2af-3a27-9ddd-b8a0356da887"
"Javier Gonzalez","Levia","[0, -1, -1, -1, -1, -1, -1, -1]","sunday-showdown-atlanta","bd6d68d7-eadc-3327-bc52-c4c7675f97f8"
"Jennifer Hickman","Kayo","[0, 109, 92, 87, -1, -1, -1, -1, -1]","sunday-showdown-atlanta","13ec59e9-fb83-3e4a-8e1f-af87b2c1a580"
"Dustin LaMontagne","Kayo","[0, 98, 90, 85, -1, -1, -1, -1, -1]","sunday-showdown-atlanta","edd3f8e9-10c9-370f-936d-59498534b5bc"
"Chad Heuschober","Levia","[0, -1, -1, -1, -1, -1, -1, -1]","sunday-showdown-atlanta","caa06b85-31ed-3ac8-905a-5140c486f766"
"Charles Ligato","Iyslander","[0, 114, 94, 90, 76, 60, 45, 34, -1]","sunday-showdown-atlanta","56932523-4f36-355b-ad1e-d956bb0084f1"
"Jake Walker","Fai","[0, -1, -1, -1, -1, -1, -1, -1]","sunday-showdown-atlanta","d87a968e-0a53-3ec7-9574-975dfe7ccd86"
"Daniel White","Levia","[0, -1, -1, -1, -1, -1, -1, -1]","sunday-showdown-atlanta","110e6fb8-3641-32cb-88eb-cd7b72d94923"
"TCGTed Grabow","Viserai, Between Worlds","[0, -1, -1, -1, -1, -1, -1, -1]","sunday-showdown-atlanta","e07d3316-f7e5-3d50-b990-8b29d79239d1"
"Joe Santianna","Iyslander","[0, 100, -1, -1, -1, -1, -1, -1, -1]","sunday-showdown-atlanta","7b51cb00-12ba-3b50-bf36-b27afdb2b374"
"Charles Sharretts","Fai","[0, -1, -1, -1, -1, -1, -1, -1]","sunday-showdown-atlanta","f46875e8-3667-38b2-a51d-a7cc728fdacc"
"Clay Campbell","Malice","[0, -1, -1, -1, -1, -1, -1, -1]","sunday-showdown-atlanta","00e137ce-219c-3e96-9d72-1e538f7c4f75"
"Alli McConnell","Undeclared","[0, -1, -1, -1, -1, -1, -1, -1]","sunday-showdown-atlanta","eb0c00c3-9886-31b4-a178-f865170b6fdb"
"Anthony Murgolo","Florian","[0, -1, -1, -1, -1, -1, -1, -1]","sunday-showdown-atlanta","b11a0111-5c78-3fd7-9eee-6fa634f623fa"
"Connor Bryant","Kayo","[0, 84, 58, 58, -1, -1, -1, -1, -1]","sunday-showdown-atlanta","3c192790-dafb-31fe-84b7-41d60922885d"
"Bryant Wilson","Ira, Crimson Haze","[0, 120, 95, 76, 73, 59, 52, 45, -1]","sunday-showdown-atlanta","251c96e5-51cf-321b-9fc1-76fe04a045ed"
"charles singleton","Levia","[0, 101, 98, 92, 77, -1, -1, -1, -1]","sunday-showdown-atlanta","4e6c8842-ac84-3358-8f65-1837f84aa884"
"Jesse Carmack","Valda Brightaxe","[0, -1, -1, -1, -1, -1, -1, -1]","sunday-showdown-atlanta","51034265-ebba-3e57-b4d5-9b28d4dc515d"
"Jason Brannick","Dash","[0, -1, -1, -1, -1, -1, -1, -1]","sunday-showdown-atlanta","3a428530-71a2-3157-af51-643d7ef41c7f"
"Harrison Plott","Bravo, Flattering Showman","[0, 83, 55, 41, 41, 30, 34, 30, -1]","sunday-showdown-atlanta","c7807e84-872d-330f-bfa0-ede468b23089"
"Austin Harris","Levia","[0, -1, -1, -1, -1, -1, -1, -1]","sunday-showdown-atlanta","ae7d90d0-398c-309d-83b4-78b12831eb33"
"Richard Moore","Dromai","[0, -1, -1, -1, -1, -1, -1, -1]","sunday-showdown-atlanta","efcb8ed6-93fd-3f3a-9442-ead59a5a3843"
"Liam Donnelly","Undeclared","[0, -1, -1, -1, -1, -1, -1, -1]","sunday-showdown-atlanta","62ce4504-a535-3ad4-b5a3-6f5a675775c0"
"Phillip Millwee","Ira, Crimson Haze","[0, 96, 89, -1, -1, -1, -1, -1, -1]","sunday-showdown-atlanta","3bfbe0a7-3abd-3855-85e1-96880fae9d35"
"Joshua Alvarez","Kayo, Berserker Runt","[0, -1, -1, -1, -1, -1, -1, -1]","sunday-showdown-atlanta","07d164cd-d412-3e60-b5bb-eaf5525a48c4"
"Austin Keith","Dromai","[0, 99, 60, 60, 51, 50, 49, 43, -1]","sunday-showdown-atlanta","f76c97ce-a5f3-36e5-ae44-33dfdadd2873"
"Kyle Wallin","Fai","[0, 107, 91, 88, -1, -1, -1, -1, -1]","sunday-showdown-atlanta","e9894cd3-0c76-3237-96eb-33f939fe10ab"
"John Bagi III","Azalea","[0, 103, 99, -1, -1, -1, -1, -1, -1]","sunday-showdown-atlanta","db670924-e843-38e0-a4fd-d166bffafb74"
"Kaileb Shipman","Terra","[0, 82, 53, 56, 49, 36, 27, 27, -1]","sunday-showdown-atlanta","db14e9f0-9966-34a6-a06e-fa3dea24166c"
"Brian Bardolf Fawcett","Levia","[0, -1, -1, -1, -1, -1, -1, -1]","sunday-showdown-atlanta","bd02a892-17b6-382f-ab81-a36dbf007608"
"Jeffrey Marmonti","Azalea","[0, 86, 52, 37, 25, 15, 15, 14, -1]","sunday-showdown-atlanta","d755e168-42e9-3b81-89ce-2102cf71250a"
"Dayton Smallwood","Zen","[0, 108, -1, -1, -1, -1, -1, -1, -1]","sunday-showdown-atlanta","1c71ae27-e4ee-3a0f-8f58-c976370bf80c"
"Travonte Johnson","Kano","[0, -1, -1, -1, -1, -1, -1, -1]","sunday-showdown-atlanta","a9e43295-c967-3375-b99e-0639e9a9931e"
"Steven Powell","Levia","[0, 89, 64, 62, 52, 51, 48, 46, -1]","sunday-showdown-atlanta","3d152442-6c9f-3e1b-afee-c4f33a35d966"
"Cody Branom","Viserai, Between Worlds","[0, -1, -1, -1, -1, -1, -1, -1]","sunday-showdown-atlanta","7f1aece5-68af-37b9-9248-1c0cfd093ab3"
"Josh Perry","Levia","[0, 94, -1, -1, -1, -1, -1, -1, -1]","sunday-showdown-atlanta","d998d84d-9726-3ea4-a723-3786bf68f732"
"Robert Fulkerson","Dromai","[0, 95, 61, 39, 40, -1, -1, -1, -1]","sunday-showdown-atlanta","0f05d2e5-4951-311f-bc94-7dc80f6a35a8"
"Zeni Ragsdale","Prism, Advent of Thrones","[0, -1, -1, -1, -1, -1, -1, -1]","sunday-showdown-atlanta","c0b8cdf5-4891-328b-b40b-3c4ec8932379"
"Wyatt Stancil","Fai","[0, 85, 86, 84, 83, 71, 57, 51, -1]","sunday-showdown-atlanta","f6c97a33-2493-3d33-a50f-ac829f958585"
"Evan Herndon","Undeclared","[0, -1, -1, -1, -1, -1, -1, -1]","sunday-showdown-atlanta","9572b690-9d78-318e-8d91-7af227acb389"
"juniper dowell","Prism, Advent of Thrones","[0, 117, 96, 75, 72, -1, -1, -1, -1]","sunday-showdown-atlanta","85afcb93-b77f-3494-896c-fcae06f49dec"
"Kyle Proctor","Dorinthea","[0, 102, 100, 93, -1, -1, -1, -1, -1]","sunday-showdown-atlanta","95122036-aee2-3f1f-951a-01bc06ce9ac5"
"Jimmy Nguyen","Levia","[0, -1, -1, -1, -1, -1, -1, -1]","sunday-showdown-atlanta","18445ed3-47e7-3f6e-b062-901d3144529a"
"Clayton Dell","Aurora","[0, 90, 63, 40, 38, 45, 40, 39, -1]","sunday-showdown-atlanta","593e656e-cb04-31f0-937c-b14dcdcf5f8b"
"Garrett Kaufman","Dorinthea","[0, 81, -1, -1, -1, -1, -1, -1, -1]","sunday-showdown-atlanta","4790ae83-1e15-3a3a-a50b-d03ab5b1b849"
"Tyler Zeringue","Iyslander","[0, 93, 59, 59, 50, 49, -1, -1, -1]","sunday-showdown-atlanta","75ba88d7-4ffc-34ce-928d-5527cfeb7ce5"
"Luca Mitchell","Dromai","[0, 106, -1, -1, -1, -1, -1, -1, -1]","sunday-showdown-atlanta","309e4182-64ce-379c-95b7-e77e0d959f9a"
"Curtis Roth","Baalghor, Omen of the End","[0, -1, -1, -1, -1, -1, -1, -1]","sunday-showdown-atlanta","e45dda45-0fa8-314c-bf4d-05629da3d20e"
"Colby Duncan","Levia","[0, 115, -1, -1, -1, -1, -1, -1, -1]","sunday-showdown-atlanta","74b7b3bd-3f0f-3bc1-b6d0-93767fc3eae9"
